gstin,legal_name,jurisdiction,range,officer,sector,registration_date,status,status_date
27ZZPCA1101K1ZQ,PUNE AUTO COMPONENTS PRIVATE LIMITED [SYN],PUNE-WARD-01,Range 1,Priya M.,Auto components manufacturing,01-07-2018,Active,
27ZZBFB2202L1ZR,BHOSARI STEEL TRADERS [SYN],PUNE-WARD-01,Range 1,Priya M.,Steel trading,01-07-2019,Active,
27ZZCFC3303M1ZJ,CHAKAN PACKAGING INDUSTRIES [SYN],PUNE-WARD-01,Range 1,Rahul K.,Packaging,01-07-2020,Active,
27ZZHCH4404N1Z9,HINJEWADI FOODS PRIVATE LIMITED [SYN],PUNE-WARD-01,Range 2,Rahul K.,Packaged food,01-07-2021,Active,
27ZZKCK5505P1ZV,KHARADI ELECTRONICS DISTRIBUTION [SYN],PUNE-WARD-01,Range 2,Rahul K.,Electronics distribution,01-07-2017,Active,
27ZZWFW6606Q1ZV,WAKAD TEXTILES [SYN],PUNE-WARD-01,Range 2,Anita S.,Textiles,01-07-2018,Active,
27ZZTCT7707R1Z1,TALEGAON INFRA PROJECTS PRIVATE LIMITED [SYN],PUNE-WARD-01,Range 3,Anita S.,Construction (works contract),01-07-2019,Active,
27ZZSFS8808S1ZR,SWIFT TRADE LINKS [SYN],PUNE-WARD-01,Range 3,Anita S.,Scrap trading,01-07-2020,Active,
27ZZSPS9909T1Z0,SHREE BALAJI ENTERPRISES [SYN],PUNE-WARD-01,Range 3,Anita S.,Scrap trading,01-07-2021,Suspended,10-04-2026
27ZZOFO1010U1ZN,OMKAR METALS [SYN],PUNE-WARD-01,Range 3,Anita S.,Metal trading,01-07-2017,Active,
27ZZNFN1111V1ZL,NASHIK AGRO TRADERS [SYN],PUNE-WARD-01,Range 2,Rahul K.,Agro trading,01-07-2018,Active,
27ZZSPS1212W1ZM,SAI LOGISTICS [SYN],PUNE-WARD-01,Range 1,Rahul K.,Goods transport (GTA),01-07-2019,Active,
27ZZDFD1313X1ZX,DECCAN CHEMICALS DISTRIBUTORS [SYN],PUNE-WARD-01,Range 2,Priya M.,Chemicals distribution,01-07-2020,Active,
27ZZMFM1414Y1ZB,MAHALAXMI JEWELLERS [SYN],PUNE-WARD-01,Range 1,Priya M.,Jewellery retail,01-07-2021,Active,
27ZZGPG1515Z1ZY,GANESH HARDWARE MART [SYN],PUNE-WARD-01,Range 1,Priya M.,Hardware retail,01-07-2017,Active,
27ZZVFV1616A1Z2,VISTA TRADING CO [SYN],PUNE-WARD-01,Range 3,Anita S.,Scrap trading,01-07-2025,Active,
29ZZKCK5505P1ZR,KHARADI ELECTRONICS DISTRIBUTION - KARNATAKA [SYN],External (Karnataka),,,Electronics distribution,15-06-2025,Active,
27ZZNPN4040B1ZV,NAGPUR IRON MART [SYN],External,,,Steel trading,01-07-2019,Cancelled,31-01-2025
